SELECT * FROM BRANCH;
+---------+---------+
| BR_NAME | CITY    |
+---------+---------+
| MUMBAI  | MUMBAI  |
| KANNUR  | KANNUR  |
| CALICUT | CALICUT |
| TVM     | TVM     |
| DELHI   | DELHI   |
+---------+---------+
5 rows in set (0.00 sec)

mysql> SELECT * FROM ACCOUNT;
+---------+--------+---------+
| BR_NAME | ACC_NO | BALANCE |
+---------+--------+---------+
| MUMBAI  |   1000 |  100000 |
| CALICUT |   1001 |  200000 |
| MUMBAI  |   1002 |   10000 |
| MUMBAI  |   1003 |  150000 |
| KANNUR  |   1004 |   15000 |
| TVM     |   1005 | 2500000 |
| TVM     |   1006 |  500000 |
+---------+--------+---------+
7 rows in set (0.00 sec)

mysql> SELECT * FROM DEPOSITOR;
+---------+--------+------------+---------+
| CNAME   | ACC_NO | DOB        | CITY    |
+---------+--------+------------+---------+
| ARUN    |   1000 | 1990-05-12 | CHENNAI |
| ATHIRA  |   1001 | 1940-05-12 | CHENNAI |
| BEENA   |   1002 | 1950-05-12 | KANNUR  |
| RITHWIK |   1003 | 1996-08-22 | KANNUR  |
| MEENA   |   1004 | 1986-10-22 | CALICUT |
| AKASH   |   1005 | 1975-01-19 | TVM     |
+---------+--------+------------+---------+

